{"cameraMode":{"drawMode":0,"name":"Shaded","section":"Shading Mode"},"sceneLighting":true,"audioPlay":false,"sceneViewState":{"m_AlwaysRefresh":false,"showFog":true,"showSkybox":true,"showFlares":true,"showImageEffects":true,"showParticleSystems":true,"showVisualEffectGraphs":true,"m_FxEnabled":true},"in2DMode":false,"pivot":{"x":-0.185598224401474,"y":3.4205257892608644,"z":-3.984708786010742},"rotation":{"x":0.20445163547992707,"y":0.11372631043195725,"z":-0.023908007889986039,"w":0.9720486402511597},"size":0.8660253882408142,"orthographic":false}