{"cameraMode":{"drawMode":0,"name":"Shaded","section":"Shading Mode"},"sceneLighting":true,"audioPlay":false,"sceneViewState":{"m_AlwaysRefresh":false,"showFog":true,"showSkybox":true,"showFlares":true,"showImageEffects":true,"showParticleSystems":true,"showVisualEffectGraphs":true,"m_FxEnabled":true},"in2DMode":false,"pivot":{"x":1.0929404497146607,"y":0.38428306579589846,"z":1.5377177000045777},"rotation":{"x":0.11697123199701309,"y":0.34040483832359316,"z":-0.0426187738776207,"w":0.9320808053016663},"size":1.9895684719085694,"orthographic":false}