{"cameraMode":{"drawMode":0,"name":"Shaded","section":"Shading Mode"},"sceneLighting":true,"audioPlay":false,"sceneViewState":{"m_AlwaysRefresh":false,"showFog":true,"showSkybox":true,"showFlares":true,"showImageEffects":true,"showParticleSystems":true,"showVisualEffectGraphs":true,"m_FxEnabled":true},"in2DMode":false,"pivot":{"x":1004.7235107421875,"y":500.37554931640627,"z":0.07428918778896332},"rotation":{"x":0.17079639434814454,"y":0.11448054015636444,"z":-0.020013894885778428,"w":0.9785248637199402},"size":8.1745023727417,"orthographic":false}